alias bdeck deckerben@yahoo.de
alias andrewb andrew@puzzling.org
alias dtaylor dtaylor@flowcom.com.au
alias pbrooks pbrooks@flowcom.com.au
alias mgreenaway mgreenaway@polartechnics.com
alias aga abrzozowska@flowcom.com.au
alias karolin kmarakool@flowcom.com.au
alias mcox michael.cox@alcatel.co.nz
alias NickIInet nick@staff.iinet.net.au
alias aga abrzozowska@staff.iinet.net.au
alias rmt rmt@corporatism.org
alias dtaylor david@knobbits.org
alias dtaylor-ram david@ram.net.au
alias steven.he steven.he@ntla.com.au
alias dthomas dthomas@flowcom.com.au
alias Tony.Scanlan Scanlan Tony <Tony.Scanlan@ntla.com.au>
alias atorrelli Alex Torrelli <atorrelli@flowcom.com.au>
alias jstone Julie Stone <jstone@flowcom.com.au>
alias D.Harnett Dominic Harnett <dharnett@sptel.com.au>alias dharnett Dominic Harnett <dharnett@sptel.com.au>
alias dmalanos David Malanos <dmalanos@flowcom.com.au>
alias tscanlan Tony Scanlan <tonys@ddaustralia.com.au>
alias PatrickH Patrick Hopgood <PatrickH@ddaustralia.com.au>
alias Eddie.Kok Eddie Kok <Eddie.Kok@ddaustralia.com.au>
alias Matt_Sully Matt Sully <Matt_Sully@nsc.net.au>
alias Franz Franz Vizvary <FranzV@ddaustralia.com.au>
alias Jim.Christis Jim Christis <Jim.Christis@allied.com.au>
alias Peter.Lambourne Peter Lambourne <Peter.Lambourne@ddaustralia.com.au>
alias Peter.Leigh Peter Leigh <Peter.Leigh@ddaustralia.com.au>
alias Steven.He Steven He <Steven.He@ddaustralia.com.au>
alias Peter.Meehan Peter Meehan <Peter.Meehan@ddaustralia.com.au>
alias PCS-Matthew.Chuah Matthew Chuah <Matthew@pcs-proactive.com>
alias karolin Karolin Marakool <karolin@kaboo.com.au>
alias Michael.Burgess Michael Burgess <Michael.Burgess@ddaustralia.com.au>
alias hedwards Henry Edwards <hedwards@ddaustralia.com.au>
